버스정류장ARS번호,버스정류장명,역번호,역명,거리
1001,종로2가사거리,201,시청,0.01
1002,창경궁.서울대학교병원,204,을지로4가,0.01
1003,명륜3가.성대입구,202,을지로입구,0.02
1004,종로2가.삼일교,203,을지로3가,0.0
1005,혜화동로터리.여운형활동터,204,을지로4가,0.02
1006,서대문역사거리,201,시청,0.01
1007,서울역사박물관.경희궁앞,201,시청,0.01
1008,서울역사박물관.경희궁앞,201,시청,0.01
1009,광화문,201,시청,0.01
1010,광화문,201,시청,0.01
1011,종로1가,202,을지로입구,0.0
1012,종로1가,202,을지로입구,0.0
1013,종로2가,202,을지로입구,0.0
1014,종로2가,201,시청,0.01
1015,종로3가.탑골공원,203,을지로3가,0.0
1016,종로3가.탑골공원,203,을지로3가,0.0
1017,종로4가.종묘,204,을지로4가,0.0
1018,종로4가.종묘,204,을지로4가,0.0
1019,종로5가.광장시장,204,을지로4가,0.0
1020,종로5가.광장시장,204,을지로4가,0.0
1021,종로6가.동대문종합시장,204,을지로4가,0.01
1022,종로6가.동대문종합시장,204,을지로4가,0.01
1023,동대문역.흥인지문,206,신당,0.01
1037,동대문역.흥인지문,206,신당,0.01
1041,동묘앞,206,신당,0.01
1044,동묘앞,206,신당,0.01
1117,경복궁,201,시청,0.01
1118,KT광화문지사,201,시청,0.01
1120,광화문,201,시청,0.01
1123,서울역사박물관.경교장.강북삼성병원,201,시청,0.01
1125,광화문,201,시청,0.01
1126,세종문화회관,201,시청,0.01
1129,광화문.광화문빌딩,201,시청,0.01
1130,덕성여중고,201,시청,0.01
1131,안국역.서울공예박물관,202,을지로입구,0.01
1169,서대문역사거리.적십자병원,201,시청,0.01
1172,창덕궁.서울돈화문국악당,202,을지로입구,0.01
1198,원남동,204,을지로4가,0.01
1199,창덕궁.우리소리박물관,202,을지로입구,0.01
1200,안국역.인사동,202,을지로입구,0.01
1204,종로5가.효제동.김상옥의거터,204,을지로4가,0.01
1214,동대문,204,을지로4가,0.01
1215,충신동,204,을지로4가,0.01
1217,충신동,204,을지로4가,0.01
1218,현대그룹빌딩,204,을지로4가,0.01
1219,방송통신대.이화장,204,을지로4가,0.01
1220,혜화역.마로니에공원,202,을지로입구,0.02
1221,혜화역.서울대병원입구,204,을지로4가,0.01
1222,방송통신대.이화장,204,을지로4가,0.01
1223,이화동(이화장),204,을지로4가,0.01
1225,이화동(이화장),204,을지로4가,0.01
1228,혜화역.서울연극센터(장면총리가옥),204,을지로4가,0.02
1229,혜화역.동성중고(장면총리가옥),204,을지로4가,0.02
1243,신설동로터리,246,신설동,0.0
1256,원남동사거리,204,을지로4가,0.01
1262,숭인동,246,신설동,0.0
1277,이화동(이화장),204,을지로4가,0.01
1288,종로중부새마을금고,204,을지로4가,0.01
2001,남대문세무서.서울백병원,203,을지로3가,0.0
2002,서울백병원.국가인권위.안중근활동터,203,을지로3가,0.0
2004,서울역버스환승센터,201,시청,0.01
2005,서울역버스환승센터,201,시청,0.01
2007,서울역버스환승센터.강우규의거터,201,시청,0.01
2008,숭례문,201,시청,0.01
2099,숭례문(가상),201,시청,0.0
2101,만리동고개,242,아현,0.01
2102,손기정체육공원입구,201,시청,0.01
2103,서울의료보건고등학교.서울역서부,201,시청,0.01
2105,서울역서부,201,시청,0.01
2106,중림동교차로,243,충정로(경기대입구),0.0
2107,종근당.충정로역,243,충정로(경기대입구),0.0
2116,염천교,201,시청,0.0
2122,숭례문,201,시청,0.01
2127,북창동.남대문시장,201,시청,0.0
2128,시청앞,201,시청,0.0
2131,삼성본관앞,201,시청,0.0
2133,서소문,201,시청,0.0
2134,서소문,201,시청,0.0
2135,시청.서소문청사,201,시청,0.0
2137,서울신문사,201,시청,0.01
2139,우리은행종로지점,202,을지로입구,0.0
2140,롯데백화점,202,을지로입구,0.0
2141,해운센터.롯데영프라자,202,을지로입구,0.0
2142,롯데영프라자,202,을지로입구,0.0
2144,신세계백화점,201,시청,0.01
2145,남대문시장.회현역,201,시청,0.01
2146,남대문시장.회현역,201,시청,0.01
2147,남산3호터널,201,시청,0.01
2148,남산3호터널.서울애니메이션센터,201,시청,0.01
2149,명동역4번출구,201,시청,0.01
2150,퇴계로2가.명동역5번출구,201,시청,0.01
2151,퇴계로3가.한옥마을.한국의집,202,을지로입구,0.01
2152,퇴계로3가.한옥마을.한국의집,202,을지로입구,0.01
2153,충무로역2번출구.대한극장앞,202,을지로입구,0.01
2154,충무로역8번출구.대한극장앞,204,을지로4가,0.0
2156,을지로입구.로얄호텔,202,을지로입구,0.0
2157,을지로입구.시청입구,202,을지로입구,0.0
2158,을지로2가.기업은행본점.서울노동청,202,을지로입구,0.0
2159,을지로2가.파인에비뉴,203,을지로3가,0.0
2160,을지로3가,203,을지로3가,0.0
2161,을지로3가,203,을지로3가,0.0
2162,을지로4가,204,을지로4가,0.0
2163,을지로4가.베스트웨스턴국도,204,을지로4가,0.0
2165,방산시장.을지로4가역6번출구,204,을지로4가,0.0
2166,을지로5가.중부시장,204,을지로4가,0.0
2169,을지로6가.국립중앙의료원,205,동대문역사문화공원(DDP),0.0
2170,광희동,205,동대문역사문화공원(DDP),0.0
2171,광희동,205,동대문역사문화공원(DDP),0.0
2172,을지로6가.국립중앙의료원,205,동대문역사문화공원(DDP),0.0
2173,동대문역사문화공원,205,동대문역사문화공원(DDP),0.0
2174,동대문역사문화공원,205,동대문역사문화공원(DDP),0.0
2177,충무아트센터.스포츠센터.중부소방서,205,동대문역사문화공원(DDP),0.0
2178,충무아트센터.스포츠센터.중부소방서,206,신당,0.0
2179,성동공업고등학교(무궁화회관),206,신당,0.0
2180,성동공업고등학교앞,206,신당,0.0
2181,신당역.중앙시장앞,206,신당,0.0
2182,신당역.중앙시장앞,206,신당,0.0
2183,성동고등학교,206,신당,0.0
2184,성동고등학교,206,신당,0.0
2187,신당동떡볶이타운.중구여성플라자,206,신당,0.01
2188,신당동떡볶이타운.중구여성플라자,206,신당,0.01
2189,신당동.청구역,206,신당,0.01
2190,신당동.청구역,206,신당,0.01
2191,약수역2번출구.가온도서관,206,신당,0.01
2192,약수역3번출구.약수하이츠,206,신당,0.01
2195,약수역8번출구.신당사회복지관,205,동대문역사문화공원(DDP),0.01
2196,약수역7번출구.약수동주민센터,205,동대문역사문화공원(DDP),0.01
2197,송도병원앞,204,을지로4가,0.02
2198,송도병원앞,204,을지로4가,0.02
2199,약수역1번출구,206,신당,0.01
2201,장충체육관앞,204,을지로4가,0.01
2202,장충체육관앞,204,을지로4가,0.01
2203,장충동.동국대입구,204,을지로4가,0.01
2204,장충동.동국대입구,204,을지로4가,0.01
2205,퇴계로6가,204,을지로4가,0.01
2206,퇴계로6가,204,을지로4가,0.01
2207,퇴계로5가,204,을지로4가,0.0
2208,퇴계로5가,204,을지로4가,0.0
2219,남대문시장앞.이회영활동터,201,시청,0.0
2223,약수역10번출구,206,신당,0.01
2235,동대문역사문화공원,205,동대문역사문화공원(DDP),0.0
2236,버티고개,204,을지로4가,0.02
2237,버티고개,204,을지로4가,0.02
2246,을지로입구역.광교,202,을지로입구,0.0
2252,신당파인힐하나유보라,207,상왕십리,0.0
2281,서대문역사거리.농협중앙회,201,시청,0.01
2286,시청앞.덕수궁,201,시청,0.0
2507,프레스센터,201,시청,0.0
2641,서울광장,201,시청,0.0
3001,한강대교북단.LG유플러스,242,아현,0.03
3002,한강대교북단.LG유플러스,242,아현,0.03
3003,신용산역,242,아현,0.03
3004,신용산역,242,아현,0.03
3005,용산우체국,201,시청,0.03
3006,용산우체국,201,시청,0.03
3007,삼각지역,201,시청,0.03
3008,삼각지역,201,시청,0.03
3009,숙대입구역,201,시청,0.02
3010,숙대입구역,201,시청,0.02
3011,갈월동,201,시청,0.01
3012,갈월동,201,시청,0.01
3148,용암초등학교입구.이태원주공아파트,201,시청,0.02
3149,이태원동남산대림아파트.용산동아파트,201,시청,0.03
3150,용산한신아파트,201,시청,0.03
3151,해방촌,201,시청,0.03
3152,국군재정관리단,201,시청,0.03
3153,용산구청,201,시청,0.04
3154,용산구청,201,시청,0.04
3155,한강중학교,201,시청,0.04
3156,한강중학교앞,201,시청,0.04
3158,장충단로입구,204,을지로4가,0.02
3160,서울중부기술교육원.블루스퀘어,205,동대문역사문화공원(DDP),0.02
3161,서울시중부기술교육원.블루스퀘어,202,을지로입구,0.03
3162,순천향대학병원,204,을지로4가,0.03
3165,순천향대학병원.한남오거리,204,을지로4가,0.03
3166,한남5거리,206,신당,0.03
3177,용마루고개(서울자동차고등학교),243,충정로(경기대입구),0.02
3178,용마루고개.효창파크푸르지오아파트,243,충정로(경기대입구),0.02
3179,효창공원앞역.이봉창역사울림관,243,충정로(경기대입구),0.02
3180,효창공원앞역.이봉창역사울림관,243,충정로(경기대입구),0.02
3181,용산꿈나무종합타운.보건분소,242,아현,0.02
3182,용산꿈나무종합타운.보건분소,242,아현,0.02
3183,원효로제1동주민센터,242,아현,0.02
3184,전쟁기념관,201,시청,0.03
3185,전쟁기념관,201,시청,0.03
3186,녹사평역,201,시청,0.03
3187,녹사평역,201,시청,0.03
3188,용산구청.이태원시장,201,시청,0.03
3189,용산구청.이태원시장,201,시청,0.03
3190,이태원역1번출구.해밀턴호텔,201,시청,0.03
3191,이태원역4번출구.해밀턴호텔,201,시청,0.03
3192,이태원119안전센터,202,을지로입구,0.03
3193,이태원119안전센터,202,을지로입구,0.03
3194,한남동주민센터,202,을지로입구,0.03
3195,한남동주민센터,202,을지로입구,0.03
3196,한강진역.블루스퀘어,201,시청,0.03
3197,한강진역.블루스퀘어,201,시청,0.03
3227,만리동고개,242,아현,0.01
3228,손기정체육공원,201,시청,0.01
3328,삼각지역11번출구,201,시청,0.03
3340,노들섬,228,서울대입구(관악구청),0.04
3341,노들섬,228,서울대입구(관악구청),0.04
4001,답십리역사거리,244,용답,0.0
4002,청년회의소.서울새활용플라자,244,용답,0.01
4003,장한평역,212,건대입구,0.02
4101,상왕십리역,207,상왕십리,0.0
4102,상왕십리역,207,상왕십리,0.0
4103,왕십리센트라스아파트,207,상왕십리,0.0
4109,왕십리2동주민센터,207,상왕십리,0.0
4110,코스모타워.서울신용보증재단성동지점,207,상왕십리,0.0
4129,한양대정문,209,한양대,0.0
4130,한양대정문앞,209,한양대,0.0
4133,왕십리역,208,왕십리(성동구청),0.0
4134,왕십리역,208,왕십리(성동구청),0.0
4136,행당1동주민센터.성동소방서,208,왕십리(성동구청),0.0
4137,서울숲삼부아파트,208,왕십리(성동구청),0.0
4185,성동교남단,210,뚝섬,0.0
4186,성동교남단,210,뚝섬,0.0
4189,영동대교북단,211,성수,0.01
4190,경수중학교,211,성수,0.01
4209,서울효사랑병원,211,성수,0.01
4236,뚝섬역8번출구,210,뚝섬,0.0
4237,뚝섬역2번출구,210,뚝섬,0.0
4238,뚝섬역5번출구,210,뚝섬,0.0
4239,뚝섬역4번출구,210,뚝섬,0.0
4240,성수역1번출구,211,성수,0.0
4253,성수역4번출구,211,성수,0.0
4256,성수사거리,211,성수,0.01
4257,성수사거리,211,성수,0.01
5001,군자교입구,211,성수,0.02
5002,군자교입구,211,성수,0.02
5003,군자역.용마초등학교,213,구의(광진구청),0.02
5004,군자역.용마초등학교,213,구의(광진구청),0.02
5005,중곡동입구삼거리,213,구의(광진구청),0.02
5006,어린이대공원후문아차산역,213,구의(광진구청),0.01
5007,어린이대공원후문아차산역,213,구의(광진구청),0.02
5008,중곡동입구삼거리,213,구의(광진구청),0.02
5009,새밭교회,213,구의(광진구청),0.01
5010,새밭교회,213,구의(광진구청),0.01
5011,광나루역,214,강변(동서울터미널),0.01
5012,광나루역,214,강변(동서울터미널),0.01
5101,군자교,212,건대입구,0.02
5102,군자교,212,건대입구,0.02
5112,중곡2동주민센터앞,213,구의(광진구청),0.02
5113,중곡2동주민센터앞,213,구의(광진구청),0.02
5114,중곡동성당앞,213,구의(광진구청),0.03
5115,종합의료복합단지,213,구의(광진구청),0.03
5120,면곡시장,211,성수,0.03
5121,면곡시장,211,성수,0.03
5122,중곡아파트,211,성수,0.03
5123,중곡아파트,211,성수,0.03
5132,용곡삼거리,213,구의(광진구청),0.03
5133,중곡역.국립정신건강센터,213,구의(광진구청),0.03
5140,어린이대공원앞,212,건대입구,0.01
5141,능동사거리.군자역,213,구의(광진구청),0.02
5176,자양사거리,213,구의(광진구청),0.0
5177,자양사거리,213,구의(광진구청),0.0
5178,자양초등학교앞,213,구의(광진구청),0.01
5179,자양초등학교앞,213,구의(광진구청),0.01
5180,건국대학교앞,213,구의(광진구청),0.01
5188,자양동잠실대교북단,213,구의(광진구청),0.0
5192,동서울우편집중국앞,213,구의(광진구청),0.0
5194,자양동잠실대교북단,213,구의(광진구청),0.0
5205,건국대학교앞,213,구의(광진구청),0.01
5216,노룬산시장,211,성수,0.01
5217,건대입구역6번출구,212,건대입구,0.0
5220,영동대교북단,211,성수,0.01
5227,어린이대공원역.화양천주교회,212,건대입구,0.01
5228,한아름공원,212,건대입구,0.0
5229,건대입구역사거리.건대병원,213,구의(광진구청),0.01
5230,건대입구역1번출구,212,건대입구,0.0
5232,건대입구역사거리.건대병원,212,건대입구,0.0
5234,어린이대공원역.화양천주교회,212,건대입구,0.01
5251,어린이대공원앞.세종대학교,212,건대입구,0.01
5252,능동교회앞,212,건대입구,0.01
5253,능동사거리.군자역,213,구의(광진구청),0.02
5268,중곡동성당,213,구의(광진구청),0.03
5269,종합의료복합단지,213,구의(광진구청),0.03
5270,중곡역.국립정신건강센터,213,구의(광진구청),0.03
5271,용곡삼거리,213,구의(광진구청),0.03
5499,건대입구(가상),212,건대입구,0.0
6001,답십리역사거리,244,용답,0.01
6002,청년회의소,244,용답,0.01
6003,장한평역,212,건대입구,0.02
6004,신답초등학교.청계한신휴플러스,245,신답,0.0
6005,신답초등학교.청계한신휴플러스,245,신답,0.0
6006,동대문구청,250,용두(동대문구청),0.0
6007,서울시동부병원,207,상왕십리,0.01
6008,신설동역.서울풍물시장,246,신설동,0.0
6009,중랑교,244,용답,0.03
6010,중랑교,244,용답,0.03
6011,삼육서울병원,245,신답,0.02
6012,삼육서울병원,244,용답,0.03
6013,시조사삼거리,250,용두(동대문구청),0.02
6014,떡전교사거리.동대문노인복지관,244,용답,0.02
6015,청량리역환승센타,250,용두(동대문구청),0.01
6016,청량리역환승센타,250,용두(동대문구청),0.01
6017,동대문구청,250,용두(동대문구청),0.0
6019,청량리역환승센터,250,용두(동대문구청),0.01
6021,청량리미주아파트.동대문세무서,250,용두(동대문구청),0.01
6022,청량리.청과물도매시장,250,용두(동대문구청),0.01
6023,제기동역.서울약령시,250,용두(동대문구청),0.0
6024,제기동역.서울약령시,250,용두(동대문구청),0.0
6025,용두동사거리,207,상왕십리,0.01
6026,용두동사거리.한국의류시험연구원,246,신설동,0.0
6027,신설동역,246,신설동,0.0
6028,신설동역,246,신설동,0.0
6107,신설동역1번출구,246,신설동,0.0
6114,서울성심병원,244,용답,0.02
6117,휘경동입구,250,용두(동대문구청),0.02
6122,회기시장,245,신답,0.02
6123,회기시장,250,용두(동대문구청),0.02
6124,경희중고,244,용답,0.03
6125,경희중고,244,용답,0.03
6126,외대앞,244,용답,0.03
6127,외대앞,244,용답,0.03
6128,이문동우체국,250,용두(동대문구청),0.03
6129,이문동교회,245,신답,0.03
6130,의릉입구,244,용답,0.04
6131,의릉입구,244,용답,0.04
6161,용두역,250,용두(동대문구청),0.0
6162,용두동신동아아파트,207,상왕십리,0.01
6163,동대문우체국.서울풍물시장,246,신설동,0.0
6175,고려대학교앞,250,용두(동대문구청),0.01
6176,우신향병원,250,용두(동대문구청),0.01
6177,안암오거리,250,용두(동대문구청),0.01
6178,대광고등학교앞,250,용두(동대문구청),0.01
6186,떡전교앞,244,용답,0.02
6187,떡전교앞,244,용답,0.02
6188,서울시립대입구,244,용답,0.02
6189,서울시립대학교앞,245,신답,0.01
6190,서울시동부교육지원청.해성국제컨벤션고교,245,신답,0.01
6191,전농로터리시장.동부교육지원청,245,신답,0.01
6208,전농사거리,245,신답,0.01
6209,전농사거리,245,신답,0.01
6210,배봉초등학교.전농우성아파트,244,용답,0.02
6211,배봉초등학교.전농우성아파트,244,용답,0.02
6212,장안2동주민센터,244,용답,0.03
6213,장안2동주민센터,244,용답,0.03
6214,장안교앞,244,용답,0.03
6215,장안교은석초등학교,244,용답,0.03
6298,전동초등학교.전농동SK아파트,244,용답,0.02
6304,전동초등학교.전농동SK아파트,244,용답,0.02
6320,회기동현대아파트,250,용두(동대문구청),0.02
6321,우산빌딩앞,250,용두(동대문구청),0.02
6426,청량리수산시장,250,용두(동대문구청),0.01
7001,망우역.상봉터미널,244,용답,0.05
7002,망우역.상봉터미널,244,용답,0.05
7003,상봉역.중랑우체국,244,용답,0.05
7004,상봉역.중랑우체국,245,신답,0.04
7005,중랑역.동부시장,244,용답,0.04
7006,중랑역.동부시장,244,용답,0.04
7007,망우역.망우지구대,213,구의(광진구청),0.06
7008,망우역.망우지구대,213,구의(광진구청),0.06
7009,우림시장.망우사거리,213,구의(광진구청),0.06
7010,우림시장.망우사거리,213,구의(광진구청),0.06
7011,금란교회,213,구의(광진구청),0.07
7012,금란교회,245,신답,0.06
7101,극동늘푸른아파트,245,신답,0.05
7102,묵동자이.신도브래뉴아파트,245,신답,0.05
7103,묵동삼거리.먹골역,250,용두(동대문구청),0.05
7104,먹골역.묵동자이아파트,245,신답,0.05
7105,한국전력동대문중랑지사,244,용답,0.05
7106,한국전력동대문중랑지사,244,용답,0.05
7107,지하철7호선중화역,244,용답,0.05
7108,지하철7호선중화역,244,용답,0.05
7109,국민은행중화동지점,245,신답,0.04
7110,중화동한신아파트,245,신답,0.04
7111,상봉2동복합청사.도서관,244,용답,0.04
7112,상봉2동복합청사.도서관,244,용답,0.04
7113,면목2동주민센터,244,용답,0.04
7114,중목초등학교,244,용답,0.04
7115,면목2동,244,용답,0.04
7116,면목2동,244,용답,0.04
7117,면목5동주민센터,244,용답,0.04
7118,장안시장,244,용답,0.04
7119,면목신우아파트,244,용답,0.03
7120,면목신우아파트,244,용답,0.03
7121,면목119안전센터,212,건대입구,0.03
7122,경남아너스빌아파트앞,244,용답,0.03
7123,늘푸른동아아파트,212,건대입구,0.03
7143,망우동고개,213,구의(광진구청),0.07
7166,지하철7호선상봉역,244,용답,0.05
7167,지하철7호선상봉역,244,용답,0.05
7168,면목초등학교,213,구의(광진구청),0.05
7169,면목초등학교,213,구의(광진구청),0.05
7170,지하철7호선면목역,213,구의(광진구청),0.05
7171,지하철7호선면목역,213,구의(광진구청),0.05
7172,면목본동주민센터.면목정보도서관,244,용답,0.04
7173,면목본동주민센터.면목정보도서관,244,용답,0.04
7174,면동초등학교,244,용답,0.04
7175,면동초등학교,244,용답,0.04
7176,면목우체국.녹색병원,244,용답,0.04
7177,면목우체국.녹색병원,244,용답,0.04
7179,지하철7호선사가정역,213,구의(광진구청),0.04
7197,중화중학교.면목고등학교,213,구의(광진구청),0.05
7198,중화중학교.다문화가족지원센터,213,구의(광진구청),0.05
7199,면중초등학교,213,구의(광진구청),0.04
7200,면중초등학교,213,구의(광진구청),0.05
7201,한양수자인사가정파크,213,구의(광진구청),0.04
7203,면목동금호어울림아파트,213,구의(광진구청),0.04
7204,면목동금호어울림아파트,213,구의(광진구청),0.04
7205,면목동대원칸타빌아파트,213,구의(광진구청),0.04
7206,용마폭포공원,213,구의(광진구청),0.04
7207,용마폭포공원,213,구의(광진구청),0.04
7208,용마산역,213,구의(광진구청),0.04
7209,용마산역,213,구의(광진구청),0.04
7210,용마산하늘채아파트,213,구의(광진구청),0.03
7211,용마산하늘채아파트,213,구의(광진구청),0.03
7242,사가정센트럴아이파크아파트,213,구의(광진구청),0.04
7243,홈플러스면목동점,211,성수,0.04
7244,면목두산아파트2차,213,구의(광진구청),0.04
7245,면목두산아파트2차,213,구의(광진구청),0.04
7246,사가정역,213,구의(광진구청),0.04
7302,신내교회.신내데시앙아파트,244,용답,0.07
7303,신내교회.신내데시앙아파트,213,구의(광진구청),0.07
7304,신내초등학교,213,구의(광진구청),0.07
7305,신내새한아파트앞,213,구의(광진구청),0.07
7306,능산지하차도,244,용답,0.06
7307,능산지하차도,244,용답,0.06
7325,망우동고개,213,구의(광진구청),0.07
7327,망우금호어울림아파트,213,구의(광진구청),0.07
7328,망우동금호어울림아파트,213,구의(광진구청),0.07
7329,경남아파트,213,구의(광진구청),0.07
7330,서울특별시북부병원,213,구의(광진구청),0.07
7331,양원역입구,213,구의(광진구청),0.07
7332,양원역입구,213,구의(광진구청),0.07
7333,양원리,244,용답,0.07
7334,양원리,244,용답,0.07
7335,동서울교회,244,용답,0.07
7336,동서울교회,244,용답,0.07
7337,중랑공영차고지,244,용답,0.07
7418,중랑공영차고지.신내역,244,용답,0.07
7425,먹골역,244,용답,0.05
7426,먹골역,244,용답,0.05
7438,신내차량사업소입구,244,용답,0.07
7440,신내역1번출구,244,용답,0.07
7465,늘푸른근린공원,212,건대입구,0.04
7466,늘푸른근린공원,212,건대입구,0.04
7550,중랑공영차고지.신내역,244,용답,0.07
7554,사가정역,213,구의(광진구청),0.04
8001,길음2동주민센터,250,용두(동대문구청),0.03
8002,길음2동주민센터,250,용두(동대문구청),0.03
8003,길음뉴타운,250,용두(동대문구청),0.03
8004,길음뉴타운,250,용두(동대문구청),0.03
8005,미아리고개.미아리예술극장,246,신설동,0.02
8006,미아리고개.미아리예술극장,246,신설동,0.02
8007,돈암사거리.성신여대입구,246,신설동,0.02
8008,돈암사거리.성신여대입구,246,신설동,0.02
8009,삼선교.한성대학교,205,동대문역사문화공원(DDP),0.02
8010,삼선교.한성대학교.조소앙활동터,205,동대문역사문화공원(DDP),0.02
8105,북서울꿈의숲,246,신설동,0.05
8106,장월초등학교,246,신설동,0.05
8107,국민대앞,204,을지로4가,0.04
8108,국민대앞,204,을지로4가,0.04
8111,청덕초등학교,204,을지로4가,0.04
8112,청덕초교,204,을지로4가,0.04
8113,북악중학교,204,을지로4가,0.04
8114,고려대사범대학부속고등학교,204,을지로4가,0.04
8115,봉국사,204,을지로4가,0.04
8116,봉국사,204,을지로4가,0.04
8117,정릉2동주민센터,246,신설동,0.03
8118,정릉2동주민센터,246,신설동,0.03
8128,KT월곡지사,246,신설동,0.03
8129,KT월곡지사,250,용두(동대문구청),0.03
8130,종암SK아파트,246,신설동,0.03
8131,성북구보건소,246,신설동,0.03
8132,월곡역,246,신설동,0.03
8133,월곡역,246,신설동,0.03
8134,동덕여대앞,246,신설동,0.03
8135,한국과학기술연구원입구,250,용두(동대문구청),0.03
8136,상월곡역,250,용두(동대문구청),0.03
8137,월곡중학교,250,용두(동대문구청),0.03
8138,월곡중학교,250,용두(동대문구청),0.03
8139,새석관시장,246,신설동,0.04
8140,새석관시장,246,신설동,0.04
8141,돌곶이역,250,용두(동대문구청),0.04
8142,돌곶이역,250,용두(동대문구청),0.04
8143,장위동동원베네스트.온누리병원,250,용두(동대문구청),0.04
8144,석관동주민센터,250,용두(동대문구청),0.05
8145,석관동주민센터,250,용두(동대문구청),0.05
8147,석계역,250,용두(동대문구청),0.05
8150,종암사거리입구,246,신설동,0.03
8151,종암사거리입구,246,신설동,0.03
8152,종암동주민센터,246,신설동,0.03
8153,종암동주민센터,250,용두(동대문구청),0.02
8154,숭례초교,250,용두(동대문구청),0.02
8155,숭례초등학교,250,용두(동대문구청),0.02
8156,고대앞,250,용두(동대문구청),0.01
8157,우신향병원,250,용두(동대문구청),0.01
8158,안암오거리,250,용두(동대문구청),0.01
8159,대광초교,246,신설동,0.0
8175,삼선동주민센터,246,신설동,0.02
8176,삼선동주민센터,246,신설동,0.02
8177,성북구청.성북경찰서,206,신당,0.02
8178,성북구청.성북경찰서,206,신당,0.02
8179,보문역,246,신설동,0.01
8180,보문역,246,신설동,0.01
8181,보문동성당,246,신설동,0.01
8182,보문동성당,246,신설동,0.01
8183,보문동주민센터,206,신당,0.01
8184,보문동주민센터,206,신당,0.01
8199,북서울꿈의숲,246,신설동,0.05
8200,북서울꿈의숲,246,신설동,0.05
8201,장곡초교앞,250,용두(동대문구청),0.04
8202,장곡초교앞,250,용두(동대문구청),0.04
8203,하나은행장위동지점,250,용두(동대문구청),0.04
8204,하나은행장위동지점,250,용두(동대문구청),0.04
8205,장위동원천주유소,250,용두(동대문구청),0.04
8206,장위동원천주유소,250,용두(동대문구청),0.04
8207,장위2동주민센터,250,용두(동대문구청),0.04
8209,돌곶이역,250,용두(동대문구청),0.04
8210,돌곶이역,250,용두(동대문구청),0.04
8211,석관시장,250,용두(동대문구청),0.04
8212,석관시장,250,용두(동대문구청),0.04
8213,석관동새마을금고,250,용두(동대문구청),0.04
8214,석관동새마을금고,250,용두(동대문구청),0.04
8215,한국예술종합학교,250,용두(동대문구청),0.04
8216,한국예술종합학교,250,용두(동대문구청),0.04
8263,정릉입구.정릉역,246,신설동,0.03
8264,정릉입구.정릉역,246,신설동,0.03
8265,아리랑고개.아리랑시네미디어센터,246,신설동,0.03
8266,아리랑고개.아리랑시네미디어센터,246,신설동,0.03
8267,돈암2동주민센터입구.흥천사,246,신설동,0.02
8268,돈암2동주민센터입구.흥천사,246,신설동,0.02
8269,성신여대입구역,246,신설동,0.02
8270,성신여대입구역,246,신설동,0.02
9001,수유3동우체국,246,신설동,0.07
9002,수유3동우체국,246,신설동,0.07
9003,수유역,250,용두(동대문구청),0.06
9004,수유역.강북구청,250,용두(동대문구청),0.06
9005,수유시장.성신여대미아캠퍼스앞,250,용두(동대문구청),0.06
9006,수유시장.성신여대미아캠퍼스앞,206,신당,0.06
9007,미아역.신일중고,250,용두(동대문구청),0.05
9008,미아역.신일중고,250,용두(동대문구청),0.05
9009,도봉세무서.성북시장,206,신당,0.05
9010,도봉세무서.성북시장,246,신설동,0.04
9011,미아사거리역,250,용두(동대문구청),0.04
9012,미아사거리역,250,용두(동대문구청),0.04
9013,수유(강북구청)역,246,신설동,0.06
9102,우이동도선사입구.북한산우이역,250,용두(동대문구청),0.09
9104,우이동성원아파트,250,용두(동대문구청),0.09
9186,오현초등학교,246,신설동,0.05
9286,우이동도선사입구,250,용두(동대문구청),0.09
10001,도봉산역,246,신설동,0.12
10002,도봉산역,250,용두(동대문구청),0.11
10003,도봉한신아파트,246,신설동,0.11
10004,도봉한신아파트,246,신설동,0.11
10005,서울북부지방법원.검찰청.도봉역성황당,250,용두(동대문구청),0.1
10006,서울북부지방법원.검찰청.도봉역성황당,250,용두(동대문구청),0.1
10007,신도봉사거리,246,신설동,0.1
10008,신도봉사거리,246,신설동,0.1
10009,도봉소방서.방학역남부,250,용두(동대문구청),0.09
10010,도봉소방서.방학역남부,250,용두(동대문구청),0.09
10011,도봉보건소,250,용두(동대문구청),0.08
10012,도봉보건소.북한산아이파크아파트,250,용두(동대문구청),0.08
10013,도봉구민회관.도봉문화원,246,신설동,0.08
10014,도봉구민회관.도봉문화원,246,신설동,0.08
10015,쌍문역,250,용두(동대문구청),0.07
10016,쌍문역,250,용두(동대문구청),0.07
10017,우이1교앞,250,용두(동대문구청),0.07
10018,우이1교앞,250,용두(동대문구청),0.07
10019,신도봉시장.도봉구청.방학역북부,246,신설동,0.1
10020,신도봉시장.도봉구청.방학역북부,246,신설동,0.1
10184,연산군.정의공주묘,246,신설동,0.09
10185,연산군정의공주묘,246,신설동,0.09
10186,방학동신동아타워,246,신설동,0.09
10187,방학동신동아타워,246,신설동,0.09
10189,방학동신동아아파트,246,신설동,0.09
10190,방학동신동아아파트,246,신설동,0.09
10191,국민은행방학지점,246,신설동,0.09
10192,국민은행방학지점,246,신설동,0.09
10193,신한은행방학동지점,246,신설동,0.09
10194,신한은행방학동지점,246,신설동,0.09
10195,방학사거리,246,신설동,0.09
10196,방학사거리,246,신설동,0.09
10304,정병원,246,신설동,0.09
10340,도봉산역광역환승센터,246,신설동,0.12
10341,도봉산역광역환승센터,246,신설동,0.12
10342,한국사회봉사회,250,용두(동대문구청),0.09
10343,한국사회봉사회,250,용두(동대문구청),0.09
11101,공릉시장,250,용두(동대문구청),0.06
11102,공릉시장,250,용두(동대문구청),0.06
11103,태릉입구역4번출구,244,용답,0.06
11104,태릉입구역3번출구,244,용답,0.06
11105,태릉입구역,245,신답,0.05
11159,서울과학기술대입구,250,용두(동대문구청),0.06
11160,서울과학기술대입구,250,용두(동대문구청),0.06
11161,공릉역1번출구,250,용두(동대문구청),0.06
11162,공릉역4번출구,250,용두(동대문구청),0.06
11183,상계주공7단지,246,신설동,0.09
11185,도봉면허시험장,246,신설동,0.09
11187,상계주공7단지,246,신설동,0.09
11188,상계주공7단지.광림교회앞,246,신설동,0.09
11193,온곡중학교.노원중앙도서관,246,신설동,0.09
11208,상계초등학교,246,신설동,0.09
11210,노원역9번출구,250,용두(동대문구청),0.09
11244,상계주공3단지,250,용두(동대문구청),0.08
11245,상계주공2단지,246,신설동,0.08
11246,상계주공1단지,246,신설동,0.08
11255,상계주공6단지,250,용두(동대문구청),0.08
11256,상계주공4단지,246,신설동,0.08
11257,백병원,246,신설동,0.08
11284,석계역2번출구,250,용두(동대문구청),0.05
11310,월계주공108동앞롯데캐슬루나아파트,250,용두(동대문구청),0.05
11311,인덕대학,246,신설동,0.06
11312,한진한화그랑빌아파트,250,용두(동대문구청),0.05
11337,롯데캐슬루나아파트,250,용두(동대문구청),0.05
11338,인덕대앞,246,신설동,0.06
11339,월계보건지소,250,용두(동대문구청),0.06
11340,월계보건지소,250,용두(동대문구청),0.06
11366,중계역,250,용두(동대문구청),0.07
11367,노원구민의전당,250,용두(동대문구청),0.07
11373,중계역,250,용두(동대문구청),0.07
11374,서울시립북서울미술관,250,용두(동대문구청),0.07
11387,노원평생학습관,250,용두(동대문구청),0.07
11416,하계역,250,용두(동대문구청),0.07
11417,하계미성아파트,246,신설동,0.07
11425,하계미성아파트.을지병원,250,용두(동대문구청),0.07
11428,한성여객종점,250,용두(동대문구청),0.07
11447,하계역,250,용두(동대문구청),0.07
11448,하계장미아파트,250,용두(동대문구청),0.07
11452,하계극동아파트,250,용두(동대문구청),0.07
11453,하계시영아파트,250,용두(동대문구청),0.07
11454,하계우성아파트,250,용두(동대문구청),0.07
11455,하계장미아파트,250,용두(동대문구청),0.07
11481,석계역1번출구.B,244,용답,0.05
12009,은평뉴타운10단지,241,이대,0.09
12010,은평뉴타운10단지,241,이대,0.09
12011,구파발역입구,240,신촌,0.08
12012,구파발역입구,240,신촌,0.08
12013,박석고개.신도고등학교,239,홍대입구,0.07
12014,박석고개.신도고등학교,239,홍대입구,0.07
12015,세명컴퓨터고등학교,240,신촌,0.07
12016,세명컴퓨터고등학교,240,신촌,0.07
12017,연신내역.연서시장,239,홍대입구,0.06
12018,연신내역.연서시장,239,홍대입구,0.06
12019,동명여고.천주교불광동성당,240,신촌,0.06
12020,동명여고.천주교불광동성당,240,신촌,0.06
12021,불광역3.6호선,241,이대,0.06
12022,불광역3.6호선,241,이대,0.06
12023,불광역3호선.서울혁신파크,240,신촌,0.05
12024,불광역3호선.서울혁신파크,240,신촌,0.05
12025,한전서대문은평.북한산푸르지오,241,이대,0.05
12026,한전서대문은평.북한산푸르지오,241,이대,0.05
12027,녹번역,241,이대,0.05
12028,녹번역,241,이대,0.05
12111,구파발역2번출구,240,신촌,0.08
12112,구파발역.롯데몰,240,신촌,0.08
12141,역촌중앙시장,241,이대,0.06
12142,구산사거리,240,신촌,0.06
12143,선진운수종점,240,신촌,0.06
12148,선진운수종점,240,신촌,0.06
12149,구산사거리,240,신촌,0.06
12150,역촌중앙시장,241,이대,0.06
12155,응암초등학교,239,홍대입구,0.03
12156,은평문화예술정보학교,239,홍대입구,0.03
12157,응암오거리,239,홍대입구,0.03
12162,응암오거리,239,홍대입구,0.03
12163,은평문화예술정보학교,239,홍대입구,0.03
12164,응암초등학교,239,홍대입구,0.03
12167,응암역.신사오거리,239,홍대입구,0.04
12168,신흥시장,239,홍대입구,0.04
12169,새절역,240,신촌,0.04
12170,와산교,239,홍대입구,0.03
12172,증산종합시장.증산중학교입구,238,합정,0.03
12173,증산종합시장.증산중학교입구,238,합정,0.03
12174,증산역.증산동주민센터,238,합정,0.03
12175,와산교,239,홍대입구,0.03
12176,새절역.숭실고입구,240,신촌,0.04
12177,신흥시장,239,홍대입구,0.04
12178,응암역.신사오거리,239,홍대입구,0.04
12179,역촌초등학교,241,이대,0.05
12180,역말사거리,239,홍대입구,0.05
12181,구산역2번출구.예일여고,239,홍대입구,0.05
12182,구산역1번출구,241,이대,0.06
12183,대조동주민센터,241,이대,0.06
12184,연신내역.로데오거리,240,신촌,0.06
12203,연신내역.로데오거리,239,홍대입구,0.06
12204,은평연세병원,240,신촌,0.06
12205,구산역4번출구,241,이대,0.06
12206,구산역3번출구.예일여고,239,홍대입구,0.05
12207,역말사거리,239,홍대입구,0.05
12208,역촌초등학교,240,신촌,0.05
12209,응암역2번출구,239,홍대입구,0.04
12314,덕은교.은평차고지앞,238,합정,0.05
12315,덕은교.은평차고지앞,238,합정,0.05
12364,증산역.증산동주민센터,238,합정,0.03
12409,은평권역공영차고지,238,합정,0.05
12422,연서중학교입구,239,홍대입구,0.03
12423,연서중학교입구,239,홍대입구,0.03
12469,진관공영차고지,239,홍대입구,0.09
12470,진관공영차고지,239,홍대입구,0.09
12900,구파발(가상),240,신촌,0.08
13005,모래내시장.가좌역,238,합정,0.02
13007,사천교,239,홍대입구,0.01
13019,동교동삼거리,240,신촌,0.01
13021,신촌오거리.현대백화점,240,신촌,0.0
13023,신촌오거리.2호선신촌역,240,신촌,0.0
13025,이대역,241,이대,0.0
13026,산골고개,241,이대,0.04
13027,산골고개,241,이대,0.04
13028,홍제역.서대문세무서,241,이대,0.03
13029,홍제역.서대문세무서,241,이대,0.03
13030,홍제삼거리.인왕산한신휴플러스,241,이대,0.03
13031,무악재역,201,시청,0.03
13032,무악재역,201,시청,0.03
13033,안산초등학교,243,충정로(경기대입구),0.02
13034,독립문역.한성과학고,201,시청,0.02
13035,독립문역.한성과학고,201,시청,0.02
13036,영천시장,201,시청,0.01
13037,영천시장,201,시청,0.01
13040,인왕산.홍제원아파트,201,시청,0.03
13042,웨딩타운,242,아현,0.0
13044,아현역,242,아현,0.0
13045,충정로역,243,충정로(경기대입구),0.0
13046,충정로역,243,충정로(경기대입구),0.0
13047,서대문역사거리,201,시청,0.01
13107,모래내시장.가좌역,238,합정,0.02
13109,사천교,239,홍대입구,0.01
13110,연희104고지앞.구성산회관,239,홍대입구,0.01
13111,연희104고지앞.구성산회관,239,홍대입구,0.01
13134,금화초등학교.서울시교육청,201,시청,0.01
13137,충정로역2호선,243,충정로(경기대입구),0.0
13144,동교동삼거리연희동방면,239,홍대입구,0.0
13147,연희동대우아파트,240,신촌,0.01
13180,DMC.파크뷰자이,238,합정,0.02
13181,삼성래미안2차아파트,238,합정,0.02
13182,모래내삼거리,238,합정,0.02
13190,래미안루센티아.DMC쌍용,239,홍대입구,0.02
13191,명지대사거리,239,홍대입구,0.02
13192,DMC에코자이아파트,239,홍대입구,0.02
13193,DMC센트럴아이파크아파트,239,홍대입구,0.02
13194,명지대,239,홍대입구,0.02
13195,명지대,239,홍대입구,0.02
13196,명지대삼거리,239,홍대입구,0.02
13197,명지대삼거리,239,홍대입구,0.02
13218,명지중고등학교,240,신촌,0.03
13219,명지중고등학교,240,신촌,0.03
13220,명지전문대.충암중고등학교,240,신촌,0.03
13221,명지전문대.충암중고등학교,240,신촌,0.03
13339,DMC.파크뷰자이,238,합정,0.02
13341,DMC쌍용.래미안루센티아,239,홍대입구,0.02
14001,마포역,241,이대,0.02
14002,마포역,241,이대,0.02
14011,합정역,238,합정,0.0
14012,합정역,238,합정,0.0
14013,서교동,238,합정,0.01
14014,서교동,239,홍대입구,0.0
14015,홍대입구역,239,홍대입구,0.0
14016,홍대입구역,239,홍대입구,0.0
14061,동교동삼거리,240,신촌,0.01
14062,신촌오거리.현대백화점,240,신촌,0.0
14063,신촌오거리.2호선신촌역,240,신촌,0.0
14064,이대역,241,이대,0.0
14067,웨딩타운,242,아현,0.0
14068,아현역,242,아현,0.0
14096,홍대입구역(가상),239,홍대입구,0.0
14097,홍대입구역(가상),239,홍대입구,0.0
14098,합정역(가상),238,합정,0.0
14099,합정역(가상),238,합정,0.0
14101,마포구청.성산자동차검사소,238,합정,0.02
14102,마포구청,238,합정,0.02
14103,마포농수산물시장.월드컵공원,238,합정,0.02
14104,월드컵경기장남측.월드컵공원,238,합정,0.02
14111,DMC첨단산업센터,239,홍대입구,0.05
14112,DMC첨단산업센터,239,홍대입구,0.05
14141,공덕역.공덕시장,241,이대,0.01
14142,공덕시장,241,이대,0.01
14143,신덕성결교회,242,아현,0.01
14144,신덕성결교회,241,이대,0.01
14145,한겨레신문사,242,아현,0.01
14146,한겨레신문사,242,아현,0.01
14149,공덕오거리,242,아현,0.01
14150,공덕오거리,242,아현,0.01
14151,용마루고개.신공덕삼성아파트,241,이대,0.02
14156,중동초등학교,238,합정,0.02
14157,중동초등학교,238,합정,0.02
14158,성산2동주민센터,238,합정,0.02
14159,성산2동주민센터,238,합정,0.02
14160,성산119안전센터,238,합정,0.02
14161,성산119안전센터,238,합정,0.02
14162,성산아파트,238,합정,0.03
14163,성산아파트,238,합정,0.03
14164,DMC상암센트럴파크,238,합정,0.03
14165,DMC상암센트럴파크,238,합정,0.03
14166,상암초등학교,238,합정,0.03
14167,상암초등학교,238,합정,0.03
14168,신촌로터리,240,신촌,0.0
14169,신촌로터리,240,신촌,0.0
14170,서강대학교,240,신촌,0.0
14171,서강대학교,240,신촌,0.0
14172,광성중고등학교,241,이대,0.01
14173,광성중고등학교,241,이대,0.01
14174,대흥역,241,이대,0.01
14175,대흥역,241,이대,0.01
14176,용강초등학교,241,이대,0.01
14177,동도중학교.서울디자인고등학교,241,이대,0.01
14178,동도중학교.서울디자인고등학교,241,이대,0.01
14179,공덕역2번출구,241,이대,0.01
14180,공덕역1번출구,241,이대,0.01
14181,서서울농협홍대역점,239,홍대입구,0.0
14182,동교로사거리,239,홍대입구,0.0
14185,성산2교,239,홍대입구,0.01
14186,성산2교,238,합정,0.01
14187,성미약수터,238,합정,0.01
14188,성미약수터,238,합정,0.01
14190,경성중고.홍대부속여중고입구,238,합정,0.01
14191,경성중고.홍대부속여중고입구,238,합정,0.01
14192,서울도시가스마포사옥,239,홍대입구,0.0
14193,서울도시가스마포사옥,238,합정,0.01
14219,합정역,238,합정,0.0
14220,합정역,238,합정,0.0
14226,연남동,240,신촌,0.01
14228,신촌역,240,신촌,0.0
14244,메세나폴리스,238,합정,0.0
14245,마포한강푸르지오,238,합정,0.0
14246,성산초등학교입구,238,합정,0.0
14247,성산초등학교입구,238,합정,0.0
14248,기업은행서교동지점(최규하대통령가옥),238,합정,0.01
14249,기업은행서교동지점(최규하대통령가옥),238,합정,0.01
14250,망원시장.망원동월드컵시장입구,238,합정,0.01
14251,망원시장.망원동월드컵시장입구,238,합정,0.01
14252,마포구청역입구,238,합정,0.01
14253,마포구청역입구,238,합정,0.01
14286,상암DMC홍보관.YTN,239,홍대입구,0.04
14287,상암DMC홍보관.YTN,239,홍대입구,0.04
14288,월드컵파크5단지.상암중고등학교입구,238,합정,0.04
14289,월드컵파크5단지,238,합정,0.04
14290,구룡근린공원,239,홍대입구,0.05
14291,상암고등학교,238,합정,0.04
14307,누리꿈스퀘어.MBC,238,합정,0.04
14336,용마루고개.브라운스톤공덕아파트,241,이대,0.02
15101,홍익병원목동관,249,신정네거리,0.02
15111,목동사거리,249,신정네거리,0.02
15112,영도중.강서고입구.기아양서대리점,249,신정네거리,0.02
15113,목동시장.대일고교.배광교회,249,신정네거리,0.02
15126,목동성원아파트,249,신정네거리,0.02
15127,목3동주민센터.현대아이파크.실로암안과,249,신정네거리,0.03
15128,등촌역6번출구.목동깨비시장,249,신정네거리,0.03
15160,목동역.홍익병원,249,신정네거리,0.01
15166,목동7단지.종로학원,248,양천구청,0.01
15167,목동대학학원,247,도림천,0.01
15168,오목교역.동신한방병원,247,도림천,0.01
15173,오목교역.동신한방병원,247,도림천,0.01
15219,양강중학교,249,신정네거리,0.0
15220,신월2동주민센터입구,249,신정네거리,0.01
15221,강서초등학교,249,신정네거리,0.01
15222,한빛종합사회복지관,249,신정네거리,0.01
15228,신정학마을아파트,249,신정네거리,0.02
15254,목동역,249,신정네거리,0.01
15264,목동대학학원,247,도림천,0.01
15265,목동7단지,248,양천구청,0.01
15272,목동역.목동오거리,249,신정네거리,0.01
15273,신서고등학교.영상고등학교입구,249,신정네거리,0.01
15274,신정역(은행정).신정4동주민센터,249,신정네거리,0.0
15284,목동역.홍익병원,249,신정네거리,0.01
15285,목동역.목동오거리,249,신정네거리,0.01
15286,신서고교.영상고교입구,249,신정네거리,0.01
15287,신정역(은행정).신정4동주민센터,249,신정네거리,0.0
15288,양강중학교,249,신정네거리,0.01
15295,신월문화체육센터,249,신정네거리,0.02
15311,양강중학교,249,신정네거리,0.01
15312,신월2동주민센터입구.경창전통시장,249,신정네거리,0.01
15313,강서초등학교,249,신정네거리,0.01
15314,한빛종합사회복지관,249,신정네거리,0.01
15317,신정현대아파트.서부트럭터미널,249,신정네거리,0.02
15320,신정현대아파트,249,신정네거리,0.02
15323,양천중앙도서관.푸른마을2단지,249,신정네거리,0.02
15324,양천중앙도서관.푸른마을2단지,249,신정네거리,0.02
15325,신월시영아파트.강월초등학교,249,신정네거리,0.02
15326,신월시영아파트.강월초등학교,249,신정네거리,0.02
15329,금실어린이공원,249,신정네거리,0.02
15330,금실어린이공원,249,신정네거리,0.02
15354,신월시영아파트중문,249,신정네거리,0.02
15355,신월시영아파트중문,249,신정네거리,0.02
15362,신정현대아파트.서부트럭터미널,249,신정네거리,0.02
15363,대일관광고.푸른마을3단지,249,신정네거리,0.02
15364,대일관광고.푸른마을3단지,249,신정네거리,0.02
15366,신월문화체육센터,249,신정네거리,0.02
15373,양천공영차고지,249,신정네거리,0.02
15378,양천공영차고지,249,신정네거리,0.02
15399,푸른마을1단지.이든채아파트,249,신정네거리,0.02
15405,푸른마을1단지.이든채아파트,249,신정네거리,0.02
15718,양천공영차고지,249,신정네거리,0.02
16001,염창역.서울도시가스,247,도림천,0.03
16002,염창역.서울도시가스,249,신정네거리,0.03
16003,등촌역.강서보건소,249,신정네거리,0.03
16004,등촌역.강서보건소,249,신정네거리,0.03
16005,등촌중학교.백석초등학교,249,신정네거리,0.03
16006,등촌중학교.백석초등학교,249,신정네거리,0.03
16007,강서구청사거리.서울디지털대학교,249,신정네거리,0.03
16008,강서구청사거리.서울디지털대학교,249,신정네거리,0.04
16009,KBS스포츠월드,249,신정네거리,0.04
16010,KBS스포츠월드,249,신정네거리,0.04
16011,한국가스기술공사,249,신정네거리,0.04
16012,한국가스기술공사,249,신정네거리,0.04
16013,발산역,249,신정네거리,0.04
16014,송정역,249,신정네거리,0.06
16016,"공항중학교.마곡엠밸리9,10단지",249,신정네거리,0.06
16017,발산역,249,신정네거리,0.04
16018,마곡역,249,신정네거리,0.05
16019,마곡역,249,신정네거리,0.05
16020,"공항중학교.마곡엠밸리9,10단지",249,신정네거리,0.05
16021,마곡동로사거리,249,신정네거리,0.04
16022,마곡동로사거리,249,신정네거리,0.04
16023,강서세무서,249,신정네거리,0.05
16024,강서세무서,249,신정네거리,0.05
16117,송정역,249,신정네거리,0.06
16118,공항시장,249,신정네거리,0.06
16119,공항시장,249,신정네거리,0.06
16120,공항시장역3번출구,249,신정네거리,0.06
16121,공항시장역.공항성산교회,249,신정네거리,0.06
16123,방화2동청성아파트앞,249,신정네거리,0.06
16125,방화2동우촌연립,249,신정네거리,0.06
16126,국민은행방화동지점,249,신정네거리,0.07
16127,국민은행방화동지점,249,신정네거리,0.07
16167,개화119안전센터,249,신정네거리,0.07
16170,개화역1번출구.개화검문소,249,신정네거리,0.08
16173,영일고등학교.강서도서관,249,신정네거리,0.03
16174,아이파크아파트.백석중학교.실로암안과,249,신정네거리,0.03
16175,등촌2동주민센터.등촌동대림아파트,249,신정네거리,0.02
16176,대일고교.임광아파트.배광교회,249,신정네거리,0.02
16177,용문사.시립화곡청소년센터,249,신정네거리,0.02
16179,목동사거리,249,신정네거리,0.02
16186,KT강서지사,249,신정네거리,0.01
16187,KT강서지사,249,신정네거리,0.01
16191,까치산역2번출구,249,신정네거리,0.01
16192,까치산역4번출구,249,신정네거리,0.01
16205,화곡역5번출구,249,신정네거리,0.02
16206,화곡역4번출구,249,신정네거리,0.02
16207,화곡역1번출구,249,신정네거리,0.03
16208,화곡역8번출구,249,신정네거리,0.03
16209,대원시장,249,신정네거리,0.03
16210,대원시장,249,신정네거리,0.03
16211,화곡중고등학교,249,신정네거리,0.03
16212,화곡중고등학교,249,신정네거리,0.03
16213,우장산역,249,신정네거리,0.03
16214,우장산역,249,신정네거리,0.03
16215,명덕고등학교.서울스타병원,249,신정네거리,0.04
16216,명덕고등학교.서울스타병원,249,신정네거리,0.04
16217,발산역.우장산힐스테이트,249,신정네거리,0.04
16218,발산역.우장산힐스테이트,249,신정네거리,0.04
16283,방화동동부센트레빌아파트,249,신정네거리,0.07
16284,방화동동부센트레빌아파트,249,신정네거리,0.07
16285,방화사거리,249,신정네거리,0.07
16286,방화사거리,249,신정네거리,0.07
16287,개화산역,249,신정네거리,0.07
16288,개화산역,249,신정네거리,0.07
16305,서울항공비지니스고등학교,249,신정네거리,0.06
16306,서울항공비지니스고등학교,249,신정네거리,0.06
16386,마곡나루역5번출구.서울식물원,249,신정네거리,0.05
16387,마곡역교차로,249,신정네거리,0.05
16388,이대서울병원,249,신정네거리,0.04
16393,발산역7번출구,249,신정네거리,0.04
16394,신방화역5번출구,249,신정네거리,0.06
16395,마곡엠밸리6.7단지.마곡중학교,249,신정네거리,0.06
16396,마곡나루역,249,신정네거리,0.05
16397,마곡역,249,신정네거리,0.05
16398,마곡역,249,신정네거리,0.05
16399,마곡나루역1번출구.웰튼병원,249,신정네거리,0.05
16400,마곡동로사거리,249,신정네거리,0.04
16429,발산역9번출구,249,신정네거리,0.04
16432,신방화사거리,249,신정네거리,0.06
16433,방화2동우촌연립,249,신정네거리,0.06
16434,개화역광역환승센터,249,신정네거리,0.08
16435,개화역광역환승센터,249,신정네거리,0.08
16436,방화2동청성아파트,249,신정네거리,0.06
16702,마곡엠밸리7단지.712동,249,신정네거리,0.06
16703,신방화역4번출구.마곡중학교,249,신정네거리,0.06
17001,신도림역,234,신도림,0.0
17002,신도림역,234,신도림,0.0
17003,신도림동.구로역,247,도림천,0.01
17004,신도림동.구로역,247,도림천,0.01
17005,구일역.중앙유통상가,247,도림천,0.02
17006,구일역.제일제당,247,도림천,0.02
17007,동양미래대학.구로성심병원,248,양천구청,0.01
17008,동양미래대학.구로성심병원,248,양천구청,0.01
17009,개봉역.영화아파트,249,신정네거리,0.02
17010,개봉역.한마을아파트,248,양천구청,0.02
17011,경인중학교.개봉사거리,249,신정네거리,0.02
17012,경인중학교.개봉사거리,249,신정네거리,0.02
17013,구로디지털단지역,232,구로디지털단지,0.0
17105,한국SGI,234,신도림,0.01
17106,거리공원.구로신협본점앞,234,신도림,0.01
17107,거리공원,234,신도림,0.01
17108,구로도서관.대성스카이렉스,234,신도림,0.01
17169,오류1동주민센터.오류문화센터,249,신정네거리,0.02
17170,오류1동주민센터.오류문화센터,249,신정네거리,0.02
17171,오류동역,249,신정네거리,0.03
17172,오류동역,249,신정네거리,0.03
17173,씨티월드,249,신정네거리,0.03
17174,오류지구대.신오류주유소,249,신정네거리,0.03
17179,연세중앙교회,249,신정네거리,0.03
17180,궁동청소년문화의집,249,신정네거리,0.03
17181,궁동청소년문화의집.구로검사소,249,신정네거리,0.03
17182,우신고등학교,249,신정네거리,0.03
17183,우신고등학교,249,신정네거리,0.04
17184,온수역,249,신정네거리,0.04
17185,온수역,249,신정네거리,0.04
17230,삼부르네상스.효성아파트,232,구로디지털단지,0.01
17233,개봉역,248,양천구청,0.02
17234,개봉역,248,양천구청,0.02
17235,개봉1동사거리.개봉푸르지오아파트,249,신정네거리,0.02
17236,개봉1동사거리,249,신정네거리,0.02
17238,구일우성아파트,233,대림(구로구청),0.02
17242,구일우성아파트,234,신도림,0.02
17246,개봉고가,248,양천구청,0.02
17248,연세중앙교회,249,신정네거리,0.03
17249,가리봉파출소,232,구로디지털단지,0.01
17290,온수동종점,249,신정네거리,0.04
17296,대림역,233,대림(구로구청),0.0
17389,디지털단지오거리,232,구로디지털단지,0.01
18001,문성초등학교,232,구로디지털단지,0.01
18002,문성초등학교,232,구로디지털단지,0.01
18003,금천우체국,231,신대방,0.02
18004,금천우체국,231,신대방,0.02
18005,말미고개.금천소방서,232,구로디지털단지,0.02
18006,말미고개.금천소방서,232,구로디지털단지,0.02
18007,금천구청.금천경찰서,231,신대방,0.03
18008,금천구청.금천경찰서,231,신대방,0.03
18118,디지털단지오거리,232,구로디지털단지,0.01
18119,가산초등학교,232,구로디지털단지,0.01
18140,시흥동은행나무.은행나무시장,230,신림,0.04
18141,시흥동은행나무.은행나무시장,230,신림,0.04
18142,은행나무입구사거리,232,구로디지털단지,0.03
18143,은행나무입구사거리,232,구로디지털단지,0.03
18151,디지털단지오거리.가산파출소,232,구로디지털단지,0.01
18197,모두의학교.금천문화예술정보학교,231,신대방,0.01
18198,관악구보훈회관.신림푸르지오,231,신대방,0.01
18219,범일운수종점,232,구로디지털단지,0.04
18232,금빛공원앞,232,구로디지털단지,0.03
18233,금빛공원앞,232,구로디지털단지,0.03
18708,범일운수종점,232,구로디지털단지,0.04
18863,시흥사거리.대명시장,231,신대방,0.03
19001,문래동남성아파트,234,신도림,0.0
19002,문래동남성아파트,234,신도림,0.0
19003,남부지방법원등기국.구로세무서(에이스하이테크시티),235,문래,0.01
19004,남부지방법원등기국.구로세무서(에이스하이테크시티),235,문래,0.01
19005,영등포역,235,문래,0.01
19006,영등포역,235,문래,0.01
19007,여의도환승센터,237,당산,0.02
19008,여의도환승센터,237,당산,0.02
19009,서울영림초등학교,232,구로디지털단지,0.0
19015,대방역,229,봉천,0.03
19104,영등포시장,235,문래,0.01
19112,경방타임스퀘어.신세계백화점,235,문래,0.01
19114,영등포역,235,문래,0.01
19118,김안과병원,235,문래,0.01
19119,김안과병원,235,문래,0.01
19120,영등포시장,235,문래,0.01
19121,신화병원,235,문래,0.01
19122,신화병원,235,문래,0.01
19125,삼환아파트,237,당산,0.01
19126,당산푸르지오아파트,237,당산,0.01
19152,여의도공원,237,당산,0.02
19161,전경련회관,235,문래,0.02
19162,당산동진로아파트,235,문래,0.0
19163,당산동진로아파트,235,문래,0.0
19165,양남동로타리,247,도림천,0.01
19166,교보앞,235,문래,0.0
19172,당산역,237,당산,0.0
19173,당산119안전센터.당산역,237,당산,0.0
19174,당산역삼성래미안아파트,237,당산,0.0
19175,당산역삼성래미안아파트,237,당산,0.0
19176,당산역,237,당산,0.0
19202,양평1동주민센터,247,도림천,0.01
19203,양평신동아아파트,247,도림천,0.01
19204,관악고등학교,235,문래,0.01
19205,관악고등학교,235,문래,0.01
19214,양평한신아파트.선유도공원입구,237,당산,0.01
19215,영등포아리수정수센터,237,당산,0.02
19216,양평한신아파트.선유도공원입구,237,당산,0.01
19217,안양천입구,237,당산,0.02
19218,양평동한솔아파트,237,당산,0.02
19225,신길역1호선,235,문래,0.02
19226,신길새마을금고,230,신림,0.03
19227,신길새마을금고,230,신림,0.03
19254,대방역,231,신대방,0.03
19260,대림동우체국,231,신대방,0.01
19261,흰돌교회,231,신대방,0.01
19264,대림역12번출구,233,대림(구로구청),0.0
19265,대동초등학교.명지성모병원,233,대림(구로구청),0.0
19266,대동초등학교,231,신대방,0.01
19267,흰돌교회,231,신대방,0.01
19268,대림동우체국,231,신대방,0.01
19270,대림역,233,대림(구로구청),0.0
19271,대동초등학교.명지성모병원,233,대림(구로구청),0.0
19279,신길역5호선,235,문래,0.02
19284,파크원타워.LG트윈타워,237,당산,0.03
19300,신길역1호선,235,문래,0.02
19821,경방타임스퀘어.신세계백화점,235,문래,0.01
20001,동작상떼빌아파트,232,구로디지털단지,0.0
20007,현대아파트,229,봉천,0.03
20008,현대아파트.유한양행,229,봉천,0.03
20010,노량진수산시장.CTS기독교TV,230,신림,0.03
20011,노량진역,230,신림,0.03
20012,노량진역,230,신림,0.03
20013,노들역,230,신림,0.03
20014,노들역,228,서울대입구(관악구청),0.03
20111,KT동작지사,229,봉천,0.03
20114,노량진역3번출구,230,신림,0.03
20141,사당1동관악시장앞,226,사당,0.0
20142,예술인마을,226,사당,0.01
20147,성대시장,229,봉천,0.02
20148,성대시장,229,봉천,0.02
20149,상도초등학교입구,230,신림,0.02
20150,상도초등학교입구,230,신림,0.02
20151,장승배기역,230,신림,0.02
20152,동작문화복지센터.동작보건소,230,신림,0.02
20153,동작문화복지센터.동작보건소,230,신림,0.02
20154,상도노빌리티아파트,228,서울대입구(관악구청),0.02
20155,상도노빌리티아파트,228,서울대입구(관악구청),0.02
20160,상도역,228,서울대입구(관악구청),0.02
20161,상도역,228,서울대입구(관악구청),0.02
20162,상도동중앙하이츠빌.상도전통시장,228,서울대입구(관악구청),0.02
20163,상도동중앙하이츠빌.상도전통시장,229,봉천,0.02
20164,숭실대입구역,229,봉천,0.02
20166,숭실대입구역,229,봉천,0.02
20169,숭실대정문앞,228,서울대입구(관악구청),0.01
20170,숭실대정문앞,228,서울대입구(관악구청),0.01
20171,숭실대별관앞,229,봉천,0.02
20172,숭실대별관앞,229,봉천,0.02
20173,사당5치안센터,227,낙성대(강감찬),0.01
20174,총신대,227,낙성대(강감찬),0.01
20175,총신대,227,낙성대(강감찬),0.01
20176,사당중학교,227,낙성대(강감찬),0.01
20177,사당중학교,227,낙성대(강감찬),0.01
20178,남성역,226,사당,0.01
20179,남성역,226,사당,0.01
20180,남성역골목시장,226,사당,0.01
20181,남성역골목시장,226,사당,0.01
20182,남성초등학교,226,사당,0.01
20183,남성초등학교,226,사당,0.01
20184,이수역9번출구,226,사당,0.01
20185,이수역10번출구,226,사당,0.01
20186,신대방삼거리,230,신림,0.01
20187,신대방삼거리,230,신림,0.01
20188,보라매병원입구,230,신림,0.01
20190,동작구청.노량진초등학교앞,230,신림,0.03
20191,동작구청.노량진초등학교앞,230,신림,0.03
20192,장성교회,228,서울대입구(관악구청),0.03
20193,청화병원,229,봉천,0.02
20213,사당롯데캐슬골든포레.사당해그린,226,사당,0.02
20240,동작구청정문,230,신림,0.03
20252,사당동대아신협앞,226,사당,0.01
20254,사당롯데캐슬골든포레.사당해그린,226,사당,0.02
21001,구로디지털단지역,232,구로디지털단지,0.0
21027,사당자동차학원,226,사당,0.01
21101,서울미술고.인헌중고,227,낙성대(강감찬),0.0
21102,낙성대입구,227,낙성대(강감찬),0.0
21103,행운동주민센터,228,서울대입구(관악구청),0.0
21104,서울대입구역5번출구,228,서울대입구(관악구청),0.0
21105,KT관악지점,228,서울대입구(관악구청),0.01
21106,봉천역.관악초등학교,229,봉천,0.0
21107,KT&G관악지점,230,신림,0.01
21109,남부초등학교,231,신대방,0.01
21110,호림박물관,231,신대방,0.01
21111,난곡입구,230,신림,0.01
21112,관악구보훈회관.신림푸르지오,231,신대방,0.01
21113,천주교성령봉사회관.등불교회,231,신대방,0.01
21114,KT구로지사,231,신대방,0.01
21115,난곡입구,231,신대방,0.01
21116,남서울중학교.성보중고등학교,231,신대방,0.01
21117,신림사거리.신림역,230,신림,0.0
21118,KT&G관악지점,230,신림,0.01
21119,봉천역.관악초등학교,229,봉천,0.0
21120,KT관악지점,228,서울대입구(관악구청),0.0
21121,봉천사거리,228,서울대입구(관악구청),0.0
21122,낙성대동,228,서울대입구(관악구청),0.01
21123,낙성대입구,227,낙성대(강감찬),0.0
21124,인헌중고.서울미술고,227,낙성대(강감찬),0.0
21125,예술인마을.사당초등학교,226,사당,0.01
21126,남서울농협남현동지점,226,사당,0.0
21144,신성초등학교,229,봉천,0.01
21145,서울대벤처타운역1번출구,230,신림,0.01
21146,쑥고개입구,230,신림,0.01
21147,서원역1번출구,230,신림,0.01
21149,신림동별빛거리입구,230,신림,0.0
21150,당곡역.보라매공원.보라매병원,231,신대방,0.01
21151,당곡역2번출구.롯데백화점관악점,231,신대방,0.01
21152,신림동별빛거리입구,230,신림,0.0
21153,신림사거리,230,신림,0.0
21154,서원역,230,신림,0.01
21155,서림동주민센터.신화단지,230,신림,0.01
21156,서울대벤처타운역.삼성동시장,230,신림,0.01
21161,사당역4번출구,226,사당,0.0
21163,남태령역,226,사당,0.01
21261,관악우체국.에이치플러스양지병원,230,신림,0.0
21262,관악우체국.에이치플러스양지병원,230,신림,0.0
21263,보라매삼성아파트.모자원고개,230,신림,0.01
21350,신림사거리.신림역,230,신림,0.0
21361,호림박물관,231,신대방,0.01
21377,신림역2번출구,230,신림,0.0
21841,신림2동차고지,229,봉천,0.01
21842,신림2동차고지,229,봉천,0.01
22005,뱅뱅사거리,221,역삼,0.01
22006,뱅뱅사거리,221,역삼,0.01
22007,래미안아파트.파이낸셜뉴스,221,역삼,0.01
22008,래미안아파트.파이낸셜뉴스,221,역삼,0.01
22009,신분당선강남역,222,강남,0.0
22010,신분당선강남역,222,강남,0.0
22011,지하철2호선강남역,222,강남,0.0
22012,지하철2호선강남역,222,강남,0.0
22013,논현역,221,역삼,0.01
22014,논현역,221,역삼,0.01
22015,신사역.푸른저축은행,223,교대(법원.검찰청),0.02
22016,신사역,221,역삼,0.02
22017,반포역,223,교대(법원.검찰청),0.01
22018,반포역,223,교대(법원.검찰청),0.01
22019,고속터미널,224,서초,0.01
22020,고속터미널,224,서초,0.01
22026,남태령역,226,사당,0.01
22028,사당역,226,사당,0.0
22101,지하철3호선교대역,223,교대(법원.검찰청),0.0
22102,서울교대사거리,224,서초,0.01
22103,지하철2호선교대역2,223,교대(법원.검찰청),0.0
22104,서초동유원아파트,224,서초,0.01
22114,롯데칠성,222,강남,0.0
22134,교대역10번출구,223,교대(법원.검찰청),0.0
22136,서초역1번출구,224,서초,0.0
22146,서초중학교,224,서초,0.01
22147,서초중학교,224,서초,0.01
22148,서울고등학교,224,서초,0.01
22149,서울고등학교,224,서초,0.01
22156,남부터미널.한일시멘트,224,서초,0.01
22157,남부터미널,224,서초,0.01
22158,서울교대사거리,224,서초,0.01
22161,지하철3호선교대역,223,교대(법원.검찰청),0.0
22167,강남역.강남역사거리,222,강남,0.0
22168,서초동진흥아파트,223,교대(법원.검찰청),0.01
22169,서초동유원아파트,224,서초,0.01
22170,지하철2호선교대역4출구,223,교대(법원.검찰청),0.0
22183,논현역7번출구,221,역삼,0.02
22190,논현역6번출구,221,역삼,0.02
22228,방배동신동아아파트,225,방배,0.0
22244,경남임광아파트,225,방배,0.01
22245,방배그랑자이아파트,225,방배,0.0
22246,서울지방법무사회,225,방배,0.0
22247,현대멤피스2차아파트,225,방배,0.0
22248,신동아아파트앞,225,방배,0.0
22255,성뒤마을.교육연수원,225,방배,0.01
22257,대항병원.연세사랑병원,225,방배,0.01
22258,대항병원.연세사랑병원,225,방배,0.01
22259,방배동래미안타워.동덕여중고,225,방배,0.01
22260,성뒤마을.교육연수원,225,방배,0.01
22270,양재역.양재1동민원분소,221,역삼,0.02
22303,구룡사앞,221,역삼,0.03
22339,강남역,222,강남,0.0
22340,방배동래미안타워.동덕여중고,225,방배,0.01
22367,염곡동구룡사,221,역삼,0.03
22378,도로교통공단서울지부.코트라,221,역삼,0.04
22381,반포대교남단.한강시민공원입구,224,서초,0.02
22382,반포대교남단.한강시민공원입구,224,서초,0.02
22385,이수역,225,방배,0.01
22386,방배초등학교,225,방배,0.01
22387,방배고개,225,방배,0.01
22391,내방역,225,방배,0.01
22392,방배고개,225,방배,0.01
22393,이수역,225,방배,0.01
22415,내방역1번출구,225,방배,0.01
22426,대법원앞,224,서초,0.0
22608,서리풀문화광장,224,서초,0.0
23168,영동교입구.청담자이아파트,211,성수,0.02
23169,영동교입구,211,성수,0.02
23170,청담역.경기고교,219,삼성(무역센터),0.01
23171,우리은행청담지점.청담삼익아파트,219,삼성(무역센터),0.01
23188,청담역.경기고교,219,삼성(무역센터),0.01
23189,봉은사.삼성1파출소앞,219,삼성(무역센터),0.01
23192,봉은사역3번출구.삼성1파출소,219,삼성(무역센터),0.01
23196,강남경찰서면허시험장,219,삼성(무역센터),0.0
23197,삼성역7번출구,219,삼성(무역센터),0.0
23198,무역센터,219,삼성(무역센터),0.0
23201,한국무역센터.삼성역,219,삼성(무역센터),0.0
23217,포스코건너편,219,삼성(무역센터),0.01
23218,선릉역,220,선릉,0.0
23219,도곡역2번출구.동부센트레빌,219,삼성(무역센터),0.02
23226,대치역1번출구,219,삼성(무역센터),0.02
23227,래미안대치팰리스,221,역삼,0.02
23228,도곡역3번출구,219,삼성(무역센터),0.02
23229,대치동우성아파트,221,역삼,0.02
23230,대치역8번출구,219,삼성(무역센터),0.02
23237,은마아파트,219,삼성(무역센터),0.01
23238,대치동미도아파트,219,삼성(무역센터),0.01
23251,한국무역센터.삼성역,219,삼성(무역센터),0.0
23259,선릉역,220,선릉,0.0
23260,포스코빌딩,219,삼성(무역센터),0.01
23277,서울상록회관.한국기술센터,220,선릉,0.0
23280,아가방빌딩.하나은행,221,역삼,0.0
23283,역삼역4번출구,221,역삼,0.0
23284,강남역12번출구,222,강남,0.0
23287,강남역.역삼세무서,222,강남,0.0
23288,역삼역.포스코타워역삼,221,역삼,0.0
23296,역삼2동주민센터.대림역삼아파트,221,역삼,0.01
23297,래미안그레이튼아파트,221,역삼,0.01
23298,역삼자이아파트,221,역삼,0.01
23299,역삼동성당.역삼자이아파트,221,역삼,0.01
23305,대한사회복지회,221,역삼,0.0
23306,한국자산신탁.센터필드,220,선릉,0.0
23316,매봉삼성아파트SK리더스뷰,221,역삼,0.02
23317,매봉역양재최의원,221,역삼,0.02
23318,양재역말죽거리.강남베드로병원,221,역삼,0.02
23323,매봉역,221,역삼,0.02
23324,도곡개포한신아파트,221,역삼,0.02
23325,도곡동개포한신아파트,221,역삼,0.02
23326,우성캐릭터빌아파트,221,역삼,0.02
23327,군인공제회관,219,삼성(무역센터),0.02
23329,숙명여고,219,삼성(무역센터),0.02
23338,개포파크빌리지,219,삼성(무역센터),0.03
23339,하나은행사거리,220,선릉,0.02
23340,현대아파트경남아파트,221,역삼,0.02
23360,개원중학교.대모산입구역2번출구,218,종합운동장,0.02
23361,개포주공7단지앞,219,삼성(무역센터),0.02
23362,일원초등학교,219,삼성(무역센터),0.02
23363,현대아파트,221,역삼,0.02
23364,개포래미안포레스트,221,역삼,0.03
23365,능인선원앞,221,역삼,0.03
23367,능인선원앞,221,역삼,0.03
23380,수서삼성아파트앞,216,잠실(송파구청),0.03
23381,일원본동주민센터,216,잠실(송파구청),0.03
23382,푸른마을아파트앞,218,종합운동장,0.03
23383,상록수아파트앞,218,종합운동장,0.03
23384,일원본동주민센터,216,잠실(송파구청),0.03
23385,수서119.안전센터앞,216,잠실(송파구청),0.03
23395,대치아파트.대모산입구역3번출구,218,종합운동장,0.02
23404,수서역KT수서지점,216,잠실(송파구청),0.03
23406,궁마을,216,잠실(송파구청),0.03
23407,궁마을,216,잠실(송파구청),0.03
23410,수서역.로즈데일빌딩,216,잠실(송파구청),0.03
23445,개포우성아파트,219,삼성(무역센터),0.03
23449,일원동한솔아파트,218,종합운동장,0.03
23450,시립수서청소년수련관,216,잠실(송파구청),0.03
23459,개포주공1단지아파트,221,역삼,0.03
23465,태화기독교.사회복지관,216,잠실(송파구청),0.03
23468,도곡교회.인바디빌딩,221,역삼,0.03
23469,강남세브란스병원,221,역삼,0.01
23470,도곡교회.인바디빌딩.건너,221,역삼,0.03
23472,도곡중학교.강남세브란스병원,221,역삼,0.01
23473,강남경찰서.강남운전면허시험장,219,삼성(무역센터),0.0
24003,석촌호수.한솔병원,216,잠실(송파구청),0.01
24004,석촌호수.한솔병원,216,잠실(송파구청),0.01
24005,석촌역,216,잠실(송파구청),0.01
24006,석촌역,216,잠실(송파구청),0.01
24007,송파역,216,잠실(송파구청),0.02
24008,송파역,216,잠실(송파구청),0.02
24009,가락시장.가락시장역,216,잠실(송파구청),0.03
24010,가락시장.가락시장역,216,잠실(송파구청),0.02
24011,문정로데오거리입구,216,잠실(송파구청),0.03
24012,문정로데오거리입구,216,잠실(송파구청),0.03
24013,문정법조단지.건영아파트,216,잠실(송파구청),0.04
24014,문정법조단지.건영아파트,216,잠실(송파구청),0.04
24015,장지역.가든파이브,216,잠실(송파구청),0.04
24016,장지역.가든파이브,216,잠실(송파구청),0.04
24101,천호역.풍납시장,215,잠실나루,0.02
24109,영파여고.강동구청역,215,잠실나루,0.02
24110,풍납동극동.쌍용아파트,216,잠실(송파구청),0.02
24123,잠실파크리오아파트상가.올림픽회관,215,잠실나루,0.01
24127,몽촌토성역,216,잠실(송파구청),0.01
24128,신천동진주아파트,216,잠실(송파구청),0.01
24132,잠실역8번출구,216,잠실(송파구청),0.0
24133,잠실역7번출구,216,잠실(송파구청),0.0
24134,잠실역1번.11번출구,216,잠실(송파구청),0.0
24136,송파구청.방이맛골,216,잠실(송파구청),0.01
24138,잠실역.롯데월드,216,잠실(송파구청),0.0
24139,잠실5단지,216,잠실(송파구청),0.01
24141,잠실새내역.잠실2동주민센터,217,잠실새내,0.0
24142,잠실엘스아파트앞,217,잠실새내,0.0
24143,종합운동장사거리,218,종합운동장,0.01
24144,잠실종합운동장,218,종합운동장,0.0
24145,잠실트리지움아파트앞,217,잠실새내,0.0
24146,잠실역.롯데월드,216,잠실(송파구청),0.0
24154,잠실종합운동장,218,종합운동장,0.0
24157,종합운동장사거리,218,종합운동장,0.01
24158,잠실새내역4번출구,217,잠실새내,0.0
24197,방이동사거리,216,잠실(송파구청),0.01
24199,송파나루역,216,잠실(송파구청),0.01
24202,서울방이동고분군,216,잠실(송파구청),0.02
24206,삼익아파트미성아파트,216,잠실(송파구청),0.02
24214,송파나루역,216,잠실(송파구청),0.01
24215,송파구청.방이맛골,216,잠실(송파구청),0.01
24216,잠실진주아파트,216,잠실(송파구청),0.01
24220,방이우체국,216,잠실(송파구청),0.01
24224,한양삼익아파트,216,잠실(송파구청),0.02
24231,올림픽회관,215,잠실나루,0.01
24232,풍납동극동.쌍용아파트,216,잠실(송파구청),0.02
24249,오금역.오금동현대아파트,216,잠실(송파구청),0.03
24250,오금공원앞,216,잠실(송파구청),0.04
24251,개롱역.오금동상아아파트,216,잠실(송파구청),0.04
24252,보인고교.오금동삼성아파트,216,잠실(송파구청),0.04
24270,거여역,216,잠실(송파구청),0.05
24271,거여역현대아파트,216,잠실(송파구청),0.05
24272,체육문화회관,216,잠실(송파구청),0.05
24275,거여아파트단지앞,216,잠실(송파구청),0.05
24333,문정2동주민센터.청소년수련관,216,잠실(송파구청),0.03
24334,훼미리근린공원,216,잠실(송파구청),0.03
24348,개롱역3번출구,216,잠실(송파구청),0.04
24349,삼환아파트,216,잠실(송파구청),0.04
24369,송파경찰서.오금역,216,잠실(송파구청),0.03
24386,가락시장.가락몰,216,잠실(송파구청),0.03
24387,가락시장남문,216,잠실(송파구청),0.03
24391,서울방이동고분군,216,잠실(송파구청),0.02
24403,거여역7번출구,216,잠실(송파구청),0.05
24421,세계로병원,216,잠실(송파구청),0.05
24422,세계로병원,216,잠실(송파구청),0.05
24424,송파레이크파크호반써밋1차,216,잠실(송파구청),0.05
24425,송파레이크파크호반써밋2차,216,잠실(송파구청),0.05
24439,위례포레샤인.위례31단지후문,216,잠실(송파구청),0.05
24440,위례31단지.위례포레샤인후문,216,잠실(송파구청),0.05
24441,위례송파더센트레.송파푸르지오,216,잠실(송파구청),0.05
24443,위례송파푸르지오.송파더센트레,216,잠실(송파구청),0.05
24459,가락래미안앞,216,잠실(송파구청),0.04
24468,풍납현대아파트,216,잠실(송파구청),0.02
24503,복정역환승센터3번승강장,216,잠실(송파구청),0.05
24653,위례포레샤인.송파꿈에그린서문,216,잠실(송파구청),0.05
24654,송파꿈에그린서문.위례포레샤인,216,잠실(송파구청),0.05
24658,복정역환승주차장,216,잠실(송파구청),0.05
25010,길동사거리.강동세무서,215,잠실나루,0.03
25012,강동역,215,잠실나루,0.03
25013,천호역,214,강변(동서울터미널),0.03
25014,천호역,214,강변(동서울터미널),0.03
25101,강동공영차고지,214,강변(동서울터미널),0.08
25102,강동공영차고지,214,강변(동서울터미널),0.08
25103,고덕리엔파크1단지,214,강변(동서울터미널),0.08
25104,고덕리엔파크1단지,214,강변(동서울터미널),0.08
25105,해뜨는주유소,216,잠실(송파구청),0.08
25106,해뜨는주유소,216,잠실(송파구청),0.08
25123,길동사거리.강동세무서,216,잠실(송파구청),0.04
25125,강동역1번출구.동신중학교,215,잠실나루,0.03
25131,상일동역4번출구.센트럴푸르지오,216,잠실(송파구청),0.08
25132,상일동역6번출구.고덕아르테온,215,잠실나루,0.07
25133,상일동역1번출구,214,강변(동서울터미널),0.07
25134,상일동역8번출구,214,강변(동서울터미널),0.07
25135,고덕그라시움,216,잠실(송파구청),0.07
25136,고덕그라시움,216,잠실(송파구청),0.07
25137,고덕평생학습관.온조대왕체육관,215,잠실나루,0.06
25138,고덕평생학습관.온조대왕체육관,215,잠실나루,0.06
25139,고덕역,214,강변(동서울터미널),0.06
25140,고덕역,214,강변(동서울터미널),0.06
25141,배재중고등학교,216,잠실(송파구청),0.06
25142,배재중고등학교,216,잠실(송파구청),0.06
25143,동부기술교육원.장애인종합복지관,215,잠실나루,0.05
25144,동부기술교육원.장애인종합복지관,214,강변(동서울터미널),0.05
25145,명일초등학교,214,강변(동서울터미널),0.05
25146,명일초등학교,214,강변(동서울터미널),0.05
25147,암사3동주민센터(강동롯데캐슬퍼스트),214,강변(동서울터미널),0.05
25148,암사3동주민센터프라이어팰리스,214,강변(동서울터미널),0.05
25149,강일중.선사고,215,잠실나루,0.05
25150,강일중.선사고,213,구의(광진구청),0.05
25151,신암중학교,214,강변(동서울터미널),0.04
25152,신암중학교,214,강변(동서울터미널),0.04
25153,삼성광나루아파트.암사동유적,214,강변(동서울터미널),0.04
25154,삼성광나루아파트.암사동유적,214,강변(동서울터미널),0.04
25155,암사역선사현대아파트,215,잠실나루,0.04
25156,암사역2번출구.암사종합시장,215,잠실나루,0.04
25157,천호동공원,214,강변(동서울터미널),0.03
25158,천호동공원,214,강변(동서울터미널),0.03
25159,서울현대요양병원,214,강변(동서울터미널),0.03
25160,서울현대요양병원,214,강변(동서울터미널),0.03
25161,천호역2번출구.현대백화점,214,강변(동서울터미널),0.03
25162,천호역3번출구.현대백화점,214,강변(동서울터미널),0.03
25163,천호역,215,잠실나루,0.02
25164,강동구청역1번출구.영파여고,215,잠실나루,0.02
25232,명일역3번출구.래미안솔베뉴,214,강변(동서울터미널),0.05
25233,명일역2번출구,214,강변(동서울터미널),0.05
25234,명일역1번출구.명일전통시장,214,강변(동서울터미널),0.05
25235,명일역4번출구.명일전통시장,214,강변(동서울터미널),0.05
25236,굽은다리사거리,214,강변(동서울터미널),0.05
25237,굽은다리사거리,214,강변(동서울터미널),0.05
25238,십자성마을,215,잠실나루,0.04
25239,십자성마을,215,잠실나루,0.04
25240,길동역1번출구,215,잠실나루,0.04
25241,길동역3번출구,215,잠실나루,0.04
25242,서울프라임한방병원,216,잠실(송파구청),0.04
25243,서울프라임한방병원,214,강변(동서울터미널),0.04
25311,천동초교입구사거리,215,잠실나루,0.04
25312,천동초교입구사거리,215,잠실나루,0.04
25313,강동구청역농협중앙회,215,잠실나루,0.02
25348,굽은다리역구민회관.강동홈플러스,216,잠실(송파구청),0.05
25349,굽은다리역구민회관.강동홈플러스,216,잠실(송파구청),0.05
35160,동산동능모퉁이.한국지역난방공사,238,합정,0.09
35331,은평공영차고지,238,합정,0.05
38003,철산리버빌아파트,247,도림천,0.02
38079,철산리버빌아파트,247,도림천,0.02
